{
	"recipes": [
        {
            "id": 1,
            "title": "Healthy Oates",
            "description": "With just 5 simple ingredients you can make the most delicious stove-top oatmeal recipe on the planet.",
            "thumb_img": "recipe_1_thumb.png",
            "full_img": "recipe_1.png",
            "for_people": 2,
            "ingredients": [
                {
                    "unit": "cup",
                    "quantity": 1,
                    "name": "rolled oats"
                },
                {
                    "unit": "cup",
                    "quantity": 2,
                    "name": "unsweetened almond milk"
                },
                {
                    "unit": "",
                    "quantity": 1,
                    "name": "medium banana, mashed"
                },
                {
                    "unit": "teaspoon",
                    "quantity": 2,
                    "name": "vanilla extract"
                },
                {
                    "unit": "teaspoon",
                    "quantity": 2,
                    "name": "cinnamon"
                }
            ],
            "instructions": [{
                    "description": "Combine all ingredients into a small saucepan and turn heat to medium/high.",
                    "order": 1,
                    "time": {
                        "value": 1,
                        "unit": "hour"
                    }
                },
                {
                    "description": "Bring to a boil. Then, turn heat down to low/medium and continually stir for around 3-5 minutes as the oatmeal coocks and thickens.",
                    "order": 2
                },
                {
                    "description": "Once oatmeal is at desired consistency, remove from heat and serve immidantely",
                    "order": 3
                }
            ]
        }
    ]
}